{
    "seed": 42,
    "X3": {
        "rule_embedding": [
            [
                1.3606608088593974e-42,
                1.0,
                6.866362475191604e-43,
                3.3491033297363128e-43,
                -4.848492686563867e-43,
                1.8735360468022804e-42,
                -5.605193857299268e-43,
                -1.2821880948572076e-42
            ],
            [
                0.9998572468757629,
                0.016895264387130737,
                5.857427580877735e-43,
                -8.547920632381384e-44,
                2.6064151436441598e-43,
                -2.704506036146897e-43,
                8.085492139154194e-43,
                -5.5491419187262756e-43
            ]
        ],
        "selected_predicates": [
            "X1",
            "X0"
        ]
    },
    "X4": {
        "rule_embedding": [
            [
                1.1630777253895982e-43,
                -1.0159413866354924e-42,
                -1.5442309076859484e-42,
                1.14906474074635e-43,
                -1.8637269575520067e-43,
                1.5834672646870433e-43,
                -5.184804318001823e-44,
                1.0
            ],
            [
                -1.4151271502707658e-19,
                -7.174648137343064e-43,
                1.0,
                4.0637655465419695e-43,
                -4.8064537326341226e-43,
                -6.43195995125091e-43,
                -1.1476634422820252e-42,
                -1.2933984825718062e-42
            ]
        ],
        "selected_predicates": [
            "X7",
            "X2"
        ]
    },
    "X5_Rule1": {
        "rule_embedding": [
            [
                0.0,
                0.0,
                0.0,
                1.0,
                0.0,
                0.0,
                0.0,
                0.0
            ],
            [
                0.0,
                0.0,
                0.0,
                0.0,
                0.0,
                0.0,
                1.0,
                0.0
            ]
        ],
        "selected_predicates": [
            "X3",
            "X6"
        ]
    },
    "X5_Rule2": {
        "rule_embedding": [
            [
                1.0,
                0.0,
                0.0,
                0.0,
                0.0,
                0.0,
                0.0,
                0.0
            ],
            [
                0.0,
                0.0,
                0.0,
                0.0,
                1.0,
                0.0,
                0.0,
                0.0
            ]
        ],
        "selected_predicates": [
            "X0",
            "X4"
        ]
    },
    "recovered_structure": {
        "X3": "X1 AND X0",
        "X4": "X7 AND X2",
        "X5": "X3 AND X6 OR X0 AND X4"
    }
}